# Best-fit S/N equivalent-stress equations from MIL-HDBK-5J (31 January 2003), Chapter 3,
# "Correlative Information" tables printed with each figure:
#     log10(Nf) = A1 + A2 log10(Seq - A4),   Seq = Smax (1 - R)^A3,   stresses in ksi.
# All are bare 0.090 in. sheet, longitudinal direction, axial loading, room temperature, air.
# std_error_log_life is the printed "Std. Error of Estimate, Log (Life)". Stresses are net-section
# for notched specimens. The handbook cautions that the model may give unrealistic lives for
# stress ratios outside those tested.
# [5J-F3.2.3.1.8(e)] 2024-T3, unnotched, electropolished, 107 specimens, R^2 = 82 %
# [5J-F3.2.3.1.8(g)] 2024-T3, notched Kt = 2.0, 113 specimens, R^2 = 91 %
# [5J-F3.7.6.1.8(d)] 7075-T6, unnotched, 176 specimens, R^2 = 80 % (no fatigue-limit term)
# [5J-F3.7.6.1.8(f)] 7075-T6, notched Kt = 2.0, 112 specimens, R^2 = 87 %
key,material,Kt,A1,A2,A3,A4_ksi,std_error_log_life,samples,source
2024-T3_Kt1,2024-T3,1.0,11.1,-3.97,0.56,15.8,0.38,107,[5J-F3.2.3.1.8(e)]
2024-T3_Kt2,2024-T3,2.0,9.2,-3.33,0.68,12.3,0.27,113,[5J-F3.2.3.1.8(g)]
7075-T6_Kt1,7075-T6,1.0,14.86,-5.80,0.49,0.0,0.41,176,[5J-F3.7.6.1.8(d)]
7075-T6_Kt2,7075-T6,2.0,7.50,-2.46,0.54,18.6,0.31,112,[5J-F3.7.6.1.8(f)]
